{
  "pack": "fashionbase",
  "hats": [
    "hat_0.png",
	"hat_1.png",
	"hat_2.png",
	"hat_3.png",
	"hat_4.png",
	"hat_5.png",
	"hat_6.png",
	"hat_7.png",
	"hat_8.png",
	"hat_9.png",
	"hat_10.png",
	"hat_11.png",
	"hat_12.png",
	"hat_13.png"
  ],
  "body": [
    "top_0.png",
	"top_1.png",
	"top_2.png",
	"top_3.png",
	"top_4.png",
	"top_5.png",
	"top_6.png",
	"top_7.png",
	"top_8.png",
	"top_9.png",
	"top_10.png",
	"top_11.png",
	"top_12.png",
	"top_13.png",
	"top_14.png",
	"top_15.png"
  ],
  "pants": [
    "pants_0.png",
	"pants_1.png",
	"pants_2.png",
	"pants_3.png",
	"pants_4.png",
	"pants_5.png",
	"pants_6.png",
	"pants_7.png",
	"pants_8.png",
	"pants_9.png",
	"pants_10.png",
	"pants_11.png",
	"pants_12.png",
	"pants_13.png",
	"pants_14.png"
  ],
  "boots": [
    "boots_0.png",
	"boots_1.png",
	"boots_2.png",
	"boots_3.png",
	"boots_4.png",
	"boots_5.png",
	"boots_6.png",
	"boots_7.png",
	"boots_8.png",
	"boots_9.png",
	"boots_10.png",
	"boots_11.png",
	"boots_12.png",
	"boots_13.png",
	"boots_14.png"
  ]
}